{
  "test_info": {
    "data_file": "/media/boneysan/Memorex USB/Masters Project/cantrainandtest/can-train-and-test/set_01/train_01/rpm-2.csv",
    "test_date": "2025-11-30T23:32:17.946727",
    "config": {
      "sample_interval": 1.0,
      "enable_ml": false,
      "rules_file": "config/rules.yaml"
    }
  },
  "performance": {
    "duration_seconds": 75.94551348686218,
    "messages_processed": 822459,
    "messages_dropped": 0,
    "drop_rate_percent": 0.0,
    "throughput_msg_per_sec": 10829.59298368925,
    "alerts_generated": 3290013,
    "alert_rate_percent": 400.02152082960976,
    "alerts_by_severity": {
      "MEDIUM": 2467554,
      "LOW": 822459
    },
    "alerts_by_type": {
      "Checksum Validation Failure": 822459,
      "Counter Sequence Error": 822459,
      "High Entropy Data": 822459,
      "Unknown CAN ID": 822459,
      "Seed Request Pattern": 177
    },
    "detection_accuracy": {
      "true_positives": 374,
      "false_positives": 822085,
      "true_negatives": 0,
      "false_negatives": 0,
      "precision": 0.00045473391378779974,
      "recall": 1.0,
      "f1_score": 0.0009090544496878468,
      "accuracy": 0.00045473391378779974
    },
    "latency_ms": {
      "mean": 0.07435359413491023,
      "median": 0.07295608520507812,
      "min": 0.06532669067382812,
      "max": 16.99542999267578,
      "p95": 0.08249282836914062,
      "p99": 0.10251998901367188
    }
  },
  "system": {
    "total_samples": 46,
    "duration_seconds": 75.33054971694946,
    "cpu_percent": {
      "mean": 25.25271739130435,
      "max": 30.675,
      "min": 18.15
    },
    "cpu_percent_system": {
      "mean": 30.321739130434796,
      "max": 88.2,
      "min": 23.4
    },
    "memory_rss_mb": {
      "mean": 354.9299422554348,
      "max": 393.9296875,
      "min": 125.33203125
    },
    "temperature_c": {
      "mean": 48.10217391304349,
      "max": 49.1,
      "min": 47.2
    },
    "throttling_occurred": false
  }
}