{
  "duration_seconds": 9.789533615112305,
  "messages_processed": 90169,
  "messages_dropped": 0,
  "drop_rate_percent": 0.0,
  "throughput_msg_per_sec": 9210.755439953162,
  "alerts_generated": 360686,
  "alert_rate_percent": 400.0110902860185,
  "alerts_by_severity": {
    "MEDIUM": 270517,
    "LOW": 90169
  },
  "alerts_by_type": {
    "Checksum Validation Failure": 90169,
    "Counter Sequence Error": 90169,
    "High Entropy Data": 90169,
    "Unknown CAN ID": 90169,
    "Seed Request Pattern": 10
  },
  "detection_accuracy": {
    "true_positives": 9139,
    "false_positives": 81030,
    "true_negatives": 0,
    "false_negatives": 0,
    "precision": 0.10135412392285598,
    "recall": 1.0,
    "f1_score": 0.18405365126676604,
    "accuracy": 0.10135412392285598
  },
  "latency_ms": {
    "mean": 0.08349314249875067,
    "median": 0.07605552673339844,
    "min": 0.06556510925292969,
    "max": 6.175756454467773,
    "p95": 0.10776519775390625,
    "p99": 0.19121170043945312
  }
}