{
  "duration_seconds": 8.322720527648926,
  "messages_processed": 90169,
  "messages_dropped": 0,
  "drop_rate_percent": 0.0,
  "throughput_msg_per_sec": 10834.077595234563,
  "alerts_generated": 360686,
  "alert_rate_percent": 400.0110902860185,
  "alerts_by_severity": {
    "MEDIUM": 270517,
    "LOW": 90169
  },
  "alerts_by_type": {
    "Checksum Validation Failure": 90169,
    "Counter Sequence Error": 90169,
    "High Entropy Data": 90169,
    "Unknown CAN ID": 90169,
    "Seed Request Pattern": 10
  },
  "detection_accuracy": {
    "true_positives": 9139,
    "false_positives": 81030,
    "true_negatives": 0,
    "false_negatives": 0,
    "precision": 0.10135412392285598,
    "recall": 1.0,
    "f1_score": 0.18405365126676604,
    "accuracy": 0.10135412392285598
  },
  "latency_ms": {
    "mean": 0.07111205027072726,
    "median": 0.07033348083496094,
    "min": 0.06437301635742188,
    "max": 1.1675357818603516,
    "p95": 0.07653236389160156,
    "p99": 0.09107589721679688
  }
}