{
  "duration_seconds": 82.94575762748718,
  "messages_processed": 62266,
  "messages_dropped": 0,
  "drop_rate_percent": 0.0,
  "throughput_msg_per_sec": 750.6833595955464,
  "alerts_generated": 186798,
  "alert_rate_percent": 300.0,
  "alerts_by_severity": {
    "MEDIUM": 186798
  },
  "alerts_by_type": {
    "Checksum Validation Failure": 62266,
    "Counter Sequence Error": 62266,
    "Unknown CAN ID": 62266
  },
  "latency_ms": {
    "mean": 0.8287351659003398,
    "median": 0.7023811340332031,
    "min": 0.13947486877441406,
    "max": 622.8868961334229,
    "p95": 1.5742778778076172,
    "p99": 3.431081771850586
  }
}