{
  "test_info": {
    "data_file": "/media/boneysan/Memorex USB/Masters Project/cantrainandtest/can-train-and-test/set_01/train_01/standstill-2.csv",
    "test_date": "2025-11-30T21:35:33.991354",
    "config": {
      "sample_interval": 1.0,
      "enable_ml": false,
      "rules_file": "config/rules.yaml"
    }
  },
  "performance": {
    "duration_seconds": 136.12958455085754,
    "messages_processed": 1267144,
    "messages_dropped": 0,
    "drop_rate_percent": 0.0,
    "throughput_msg_per_sec": 9308.366026244643,
    "alerts_generated": 5068976,
    "alert_rate_percent": 400.0315670515742,
    "alerts_by_severity": {
      "MEDIUM": 3801832,
      "LOW": 1267144
    },
    "alerts_by_type": {
      "Checksum Validation Failure": 1267144,
      "Counter Sequence Error": 1267144,
      "High Entropy Data": 1267144,
      "Unknown CAN ID": 1267144,
      "Seed Request Pattern": 400
    },
    "detection_accuracy": {
      "true_positives": 1545,
      "false_positives": 1265599,
      "true_negatives": 0,
      "false_negatives": 0,
      "precision": 0.0012192773670553624,
      "recall": 1.0,
      "f1_score": 0.0024355850803467203,
      "accuracy": 0.0012192773670553624
    },
    "latency_ms": {
      "mean": 0.08760952848221656,
      "median": 0.08058547973632812,
      "min": 0.06532669067382812,
      "max": 18.701791763305664,
      "p95": 0.11229515075683594,
      "p99": 0.1952648162841797
    }
  },
  "system": {
    "total_samples": 78,
    "duration_seconds": 135.77028965950012,
    "cpu_percent": {
      "mean": 26.264423076923077,
      "max": 74.55,
      "min": 8.9
    },
    "cpu_percent_system": {
      "mean": 57.25384615384615,
      "max": 100.0,
      "min": 24.0
    },
    "memory_rss_mb": {
      "mean": 488.01021634615387,
      "max": 539.50390625,
      "min": 132.47265625
    },
    "temperature_c": {
      "mean": 50.79487179487174,
      "max": 52.5,
      "min": 46.7
    },
    "throttling_occurred": false
  }
}