{
  "test_info": {
    "data_file": "/media/boneysan/Memorex USB/Masters Project/cantrainandtest/can-train-and-test/set_01/train_01/rpm-1.csv",
    "test_date": "2025-11-30T23:30:55.662054",
    "config": {
      "sample_interval": 1.0,
      "enable_ml": false,
      "rules_file": "config/rules.yaml"
    }
  },
  "performance": {
    "duration_seconds": 77.63314032554626,
    "messages_processed": 841053,
    "messages_dropped": 0,
    "drop_rate_percent": 0.0,
    "throughput_msg_per_sec": 10833.685156534108,
    "alerts_generated": 3364435,
    "alert_rate_percent": 400.02651438137667,
    "alerts_by_severity": {
      "MEDIUM": 2523382,
      "LOW": 841053
    },
    "alerts_by_type": {
      "Checksum Validation Failure": 841053,
      "Counter Sequence Error": 841053,
      "High Entropy Data": 841053,
      "Unknown CAN ID": 841053,
      "Seed Request Pattern": 223
    },
    "detection_accuracy": {
      "true_positives": 3338,
      "false_positives": 837715,
      "true_negatives": 0,
      "false_negatives": 0,
      "precision": 0.003968834306518138,
      "recall": 1.0,
      "f1_score": 0.007906289858608157,
      "accuracy": 0.003968834306518138
    },
    "latency_ms": {
      "mean": 0.0740515118373072,
      "median": 0.072479248046875,
      "min": 0.064849853515625,
      "max": 8.534669876098633,
      "p95": 0.08296966552734375,
      "p99": 0.10418891906738281
    }
  },
  "system": {
    "total_samples": 47,
    "duration_seconds": 77.00526309013367,
    "cpu_percent": {
      "mean": 25.05053191489361,
      "max": 31.425,
      "min": 20.775
    },
    "cpu_percent_system": {
      "mean": 31.525531914893612,
      "max": 100.0,
      "min": 23.9
    },
    "memory_rss_mb": {
      "mean": 360.09084109042556,
      "max": 399.875,
      "min": 126.05078125
    },
    "temperature_c": {
      "mean": 48.242553191489364,
      "max": 50.6,
      "min": 46.7
    },
    "throttling_occurred": false
  }
}