{
  "duration_seconds": 8.272668600082397,
  "messages_processed": 90169,
  "messages_dropped": 0,
  "drop_rate_percent": 0.0,
  "throughput_msg_per_sec": 10899.62675394756,
  "alerts_generated": 360686,
  "alert_rate_percent": 400.0110902860185,
  "alerts_by_severity": {
    "MEDIUM": 270517,
    "LOW": 90169
  },
  "alerts_by_type": {
    "Checksum Validation Failure": 90169,
    "Counter Sequence Error": 90169,
    "High Entropy Data": 90169,
    "Unknown CAN ID": 90169,
    "Seed Request Pattern": 10
  },
  "detection_accuracy": {
    "true_positives": 9139,
    "false_positives": 81030,
    "true_negatives": 0,
    "false_negatives": 0,
    "precision": 0.10135412392285598,
    "recall": 1.0,
    "f1_score": 0.18405365126676604,
    "accuracy": 0.10135412392285598
  },
  "latency_ms": {
    "mean": 0.07270582356665689,
    "median": 0.07152557373046875,
    "min": 0.06413459777832031,
    "max": 1.8017292022705078,
    "p95": 0.08130073547363281,
    "p99": 0.10800361633300781
  }
}