{
  "duration_seconds": 213.10324788093567,
  "messages_processed": 1955048,
  "messages_dropped": 0,
  "drop_rate_percent": 0.0,
  "throughput_msg_per_sec": 9174.182089858705,
  "alerts_generated": 7820947,
  "alert_rate_percent": 400.038617977666,
  "alerts_by_severity": {
    "MEDIUM": 5865899,
    "LOW": 1955048
  },
  "alerts_by_type": {
    "Checksum Validation Failure": 1955048,
    "Counter Sequence Error": 1955048,
    "High Entropy Data": 1955048,
    "Unknown CAN ID": 1955048,
    "Seed Request Pattern": 755
  },
  "detection_accuracy": {
    "true_positives": 2215,
    "false_positives": 1952833,
    "true_negatives": 0,
    "false_negatives": 0,
    "precision": 0.001132964510334273,
    "recall": 1.0,
    "f1_score": 0.0022633647087795562,
    "accuracy": 0.001132964510334273
  },
  "latency_ms": {
    "mean": 0.08912819207779744,
    "median": 0.08082389831542969,
    "min": 0.06580352783203125,
    "max": 25.645017623901367,
    "p95": 0.11563301086425781,
    "p99": 0.20122528076171875
  }
}