{
  "duration_seconds": 183.53261399269104,
  "messages_processed": 1952833,
  "messages_dropped": 0,
  "drop_rate_percent": 0.0,
  "throughput_msg_per_sec": 10640.250566462095,
  "alerts_generated": 7812087,
  "alert_rate_percent": 400.0386617800908,
  "alerts_by_severity": {
    "MEDIUM": 5859254,
    "LOW": 1952833
  },
  "alerts_by_type": {
    "Checksum Validation Failure": 1952833,
    "Counter Sequence Error": 1952833,
    "High Entropy Data": 1952833,
    "Unknown CAN ID": 1952833,
    "Seed Request Pattern": 755
  },
  "detection_accuracy": {
    "true_positives": 0,
    "false_positives": 1952833,
    "true_negatives": 0,
    "false_negatives": 0,
    "precision": 0.0,
    "recall": 0.0,
    "f1_score": 0.0,
    "accuracy": 0.0
  },
  "latency_ms": {
    "mean": 0.07508257512089682,
    "median": 0.07343292236328125,
    "min": 0.06556510925292969,
    "max": 14.551162719726562,
    "p95": 0.08463859558105469,
    "p99": 0.1087188720703125
  }
}