{
  "duration_seconds": 21.074514865875244,
  "messages_processed": 226166,
  "messages_dropped": 0,
  "drop_rate_percent": 0.0,
  "throughput_msg_per_sec": 10731.729837644692,
  "alerts_generated": 904664,
  "alert_rate_percent": 400.0,
  "alerts_by_severity": {
    "MEDIUM": 678498,
    "LOW": 226166
  },
  "alerts_by_type": {
    "Checksum Validation Failure": 226166,
    "Counter Sequence Error": 226166,
    "High Entropy Data": 226166,
    "Unknown CAN ID": 226166
  },
  "detection_accuracy": {
    "true_positives": 0,
    "false_positives": 226166,
    "true_negatives": 0,
    "false_negatives": 0,
    "precision": 0.0,
    "recall": 0.0,
    "f1_score": 0.0,
    "accuracy": 0.0
  },
  "latency_ms": {
    "mean": 0.07404804305636939,
    "median": 0.07104873657226562,
    "min": 0.064849853515625,
    "max": 5.464076995849609,
    "p95": 0.08463859558105469,
    "p99": 0.11563301086425781
  }
}